[{"id":"e4abee54.82724","type":"function","z":"60236599.098bbc","name":"Input Parameters","func":"var token=msg.payload.token;\nvar age=global.get(\"age\");\nvar dist=global.get(\"dist\");\nvar gender=global.get(\"gender\");\nvar hrrate=global.get(\"hrrate\");\nvar level=global.get(\"level\");\nvar satisfaction=global.get(\"satisfaction\");\nvar income=global.get(\"income\");\nvar work=global.get(\"work\");\nvar time=global.get(\"time\");\nvar hike=global.get(\"hike\");\nvar balance=global.get(\"balance\");\nvar promotion=global.get(\"promotion\");\nmsg.payload={\"fields\":[\"age\",\"dist\",\"gender\",\"hrrate\",\"level\",\"satisfaction\",\"income\",\"work\",\"time\",\"hike\",\"balance\",\"promotion\"],\"values\":[[age,dist,gender,hrrate,level,satisfaction,income,work,time,hike,balance,promotion]]};\nmsg.headers={\"Authorization\":\"Bearer \"+token}\nreturn msg;","outputs":1,"noerr":0,"x":348,"y":260,"wires":[["6ee976f3.a8bef8"]]},{"id":"6ee976f3.a8bef8","type":"http request","z":"60236599.098bbc","name":"","method":"POST","ret":"obj","paytoqs":false,"url":"https://eu-gb.ml.cloud.ibm.com/v3/wml_instances/a2d83118-536d-4161-abd9-18eab8ee4d8b/deployments/8cd1d9a9-35a7-48fe-9377-2a2e964c8816/online","tls":"","proxy":"","authType":"basic","x":479,"y":196,"wires":[["6dc33ec8.2ade4"]]},{"id":"c62e9499.1263a8","type":"debug","z":"60236599.098bbc","name":"","active":true,"tosidebar":true,"console":false,"tostatus":false,"complete":"payload","targetType":"msg","x":879,"y":196,"wires":[]},{"id":"583c50f6.1a3a4","type":"http request","z":"60236599.098bbc","name":"","method":"GET","ret":"obj","paytoqs":false,"url":"https://eu-gb.ml.cloud.ibm.com/v3/identity/token","tls":"","proxy":"","authType":"basic","x":519,"y":456,"wires":[["716418a0.c4fcb8","e4abee54.82724"]]},{"id":"42b36fba.01162","type":"inject","z":"60236599.098bbc","name":"","topic":"","payload":"","payloadType":"date","repeat":"","crontab":"","once":false,"onceDelay":0.1,"x":149,"y":316,"wires":[["4cbc06ad.19ad58"]]},{"id":"4cbc06ad.19ad58","type":"function","z":"60236599.098bbc","name":"token generation","func":"var Base64={_keyStr:\"ABCDEFGHIJKLMNOPQRSTUVWXYZabcdefghijklmnopqrstuvwxyz0123456789+/=\",encode:function(e){var t=\"\";var n,r,i,s,o,u,a;var f=0;e=Base64._utf8_encode(e);while(f<e.length){n=e.charCodeAt(f++);r=e.charCodeAt(f++);i=e.charCodeAt(f++);s=n>>2;o=(n&3)<<4|r>>4;u=(r&15)<<2|i>>6;a=i&63;if(isNaN(r)){u=a=64}else if(isNaN(i)){a=64}t=t+this._keyStr.charAt(s)+this._keyStr.charAt(o)+this._keyStr.charAt(u)+this._keyStr.charAt(a)}return t},decode:function(e){var t=\"\";var n,r,i;var s,o,u,a;var f=0;e=e.replace(/++[++^A-Za-z0-9+/=]/g,\"\");while(f<e.length){s=this._keyStr.indexOf(e.charAt(f++));o=this._keyStr.indexOf(e.charAt(f++));u=this._keyStr.indexOf(e.charAt(f++));a=this._keyStr.indexOf(e.charAt(f++));n=s<<2|o>>4;r=(o&15)<<4|u>>2;i=(u&3)<<6|a;t=t+String.fromCharCode(n);if(u!=64){t=t+String.fromCharCode(r)}if(a!=64){t=t+String.fromCharCode(i)}}t=Base64._utf8_decode(t);return t},_utf8_encode:function(e){e=e.replace(/\\r\\n/g,\"n\");var t=\"\";for(var n=0;n<e.length;n++){var r=e.charCodeAt(n);if(r<128){t+=String.fromCharCode(r)}else if(r>127&&r<2048){t+=String.fromCharCode(r>>6|192);t+=String.fromCharCode(r&63|128)}else{t+=String.fromCharCode(r>>12|224);t+=String.fromCharCode(r>>6&63|128);t+=String.fromCharCode(r&63|128)}}return t},_utf8_decode:function(e){var t=\"\";var n=0;var r=c1=c2=0;while(n<e.length){r=e.charCodeAt(n);if(r<128){t+=String.fromCharCode(r);n++}else if(r>191&&r<224){c2=e.charCodeAt(n+1);t+=String.fromCharCode((r&31)<<6|c2&63);n+=2}else{c2=e.charCodeAt(n+1);c3=e.charCodeAt(n+2);t+=String.fromCharCode((r&15)<<12|(c2&63)<<6|c3&63);n+=3}}return t}};\nvar username=\"d16d51ad-4418-4339-806f-933cbfbdf538\"\nvar password=\"0431c7ab-d449-4c5e-89fd-556e91ed3a9a\";\nvar encodedString = Base64.encode(username+':'+password);\nmsg.headers = {\"Authorization\":\"Basic \"+ encodedString};\nglobal.set(\"age\",msg.payload.age)\nglobal.set(\"dist\",msg.payload.dist)\nglobal.set(\"gender\",msg.payload.gender)\nglobal.set(\"hrrate\",msg.payload.hrrate)\nglobal.set(\"level\",msg.payload.level)\nglobal.set(\"satisfaction\",msg.payload.satisfaction)\nglobal.set(\"income\",msg.payload.income)\nglobal.set(\"work\",msg.payload.work)\nglobal.set(\"time\",msg.payload.time)\nglobal.set(\"hike\",msg.payload.hike)\nglobal.set(\"balance\",msg.payload.balance)\nglobal.set(\"promotion\",msg.payload.promotion)\nreturn msg;","outputs":1,"noerr":0,"x":389,"y":416,"wires":[["583c50f6.1a3a4"]]},{"id":"6dc33ec8.2ade4","type":"function","z":"60236599.098bbc","name":"o/p parsing","func":"msg.payload=msg.payload.values[0][0]\nreturn msg;\n","outputs":1,"noerr":0,"x":569,"y":276,"wires":[["c62e9499.1263a8","8bd49dbe.b103d"]]},{"id":"716418a0.c4fcb8","type":"debug","z":"60236599.098bbc","name":"","active":true,"tosidebar":true,"console":false,"tostatus":false,"complete":"payload","targetType":"msg","x":779,"y":476,"wires":[]},{"id":"da6b418d.be68","type":"ui_form","z":"60236599.098bbc","name":"","label":"","group":"59a51af7.7a6e84","order":2,"width":0,"height":0,"options":[{"label":"Age","value":"age","type":"number","required":true},{"label":"DistFromHome","value":"dist","type":"number","required":true},{"label":"Gender","value":"gender","type":"number","required":true},{"label":"HourlyRate","value":"hrrate","type":"number","required":true},{"label":"JobLevel","value":"level","type":"number","required":true},{"label":"JobSatisfaction","value":"satisfaction","type":"number","required":true},{"label":"MonthlyIncome","value":"income","type":"number","required":true},{"label":"NumCompWorked","value":"work","type":"number","required":true},{"label":"OverTime","value":"time","type":"number","required":true},{"label":"PerSalHike","value":"hike","type":"number","required":true},{"label":"WorkLifeBal","value":"balance","type":"number","required":true},{"label":"LastPromotion","value":"promotion","type":"number","required":true}],"formValue":{"age":"","dist":"","gender":"","hrrate":"","level":"","satisfaction":"","income":"","work":"","time":"","hike":"","balance":"","promotion":""},"payload":"","submit":"submit","cancel":"cancel","topic":"","x":199,"y":517.0000076293945,"wires":[["4cbc06ad.19ad58"]]},{"id":"8bd49dbe.b103d","type":"ui_text","z":"60236599.098bbc","group":"59a51af7.7a6e84","order":1,"width":0,"height":0,"name":"","label":"EmployeeAttrition","format":"{{msg.payload}}","layout":"row-spread","x":829,"y":316,"wires":[]},{"id":"59a51af7.7a6e84","type":"ui_group","z":"","name":"Input Parameters","tab":"7c7fd517.836d2c","disp":true,"width":"6","collapse":false},{"id":"7c7fd517.836d2c","type":"ui_tab","z":"","name":"Home","icon":"dashboard","disabled":false,"hidden":false}]